{"learner":{"attributes":{"scikit_learn":"{\"_estimator_type\": \"regressor\"}"},"feature_names":[],"feature_types":[],"gradient_booster":{"gbtree":{"model":{"gbtree_model_param":{"num_parallel_tree":"1","num_trees":"10"},"iteration_indptr":[0,1,2,3,4,5,6,7,8,9,10],"tree_info":[0,0,0,0,0,0,0,0,0,0],"trees":[{"base_weights":[-4.4170115E-3,3.398757E-1,-4.7811747E-1,-9.343283E-2,2.2205621E-1,-1.8218979E-1,-8.573115E-1],"categories":[],"categories_nodes":[],"categories_segments":[],"categories_sizes":[],"default_left":[0,0,0,0,0,0,0],"id":0,"left_children":[1,3,5,-1,-1,-1,-1],"loss_changes":[7.8349207E2,2.0856183E2,2.3693845E2,0E0,0E0,0E0,0E0],"parents":[2147483647,0,0,1,1,2,2],"right_children":[2,4,6,-1,-1,-1,-1],"split_conditions":[-4.901758E-1,-1.0322754E0,3.412651E0,-9.343283E-2,2.2205621E-1,-1.8218979E-1,-8.573115E-1],"split_indices":[91,138,103,0,0,0,0],"split_type":[0,0,0,0,0,0,0],"sum_hessian":[4.804E3,2.782E3,2.022E3,5.67E2,2.215E3,1.903E3,1.19E2],"tree_param":{"num_deleted":"0","num_feature":"139","num_nodes":"7","size_leaf_vector":"1"}},{"base_weights":[1.0351065E-3,1.8545863E-1,-2.6225498E-1,1.431285E-1,-2.7829655E-2,6.5197125E-2,-2.6692873E-1],"categories":[],"categories_nodes":[],"categories_segments":[],"categories_sizes":[],"default_left":[0,0,0,0,0,0,0],"id":1,"left_children":[1,3,5,-1,-1,-1,-1],"loss_changes":[2.345783E2,8.569077E1,2.5070108E2,0E0,0E0,0E0,0E0],"parents":[2147483647,0,0,1,1,2,2],"right_children":[2,4,6,-1,-1,-1,-1],"split_conditions":[-2.036504E-1,1.721958E-1,-5.493591E-1,1.431285E-1,-2.7829655E-2,6.5197125E-2,-2.6692873E-1],"split_indices":[91,117,115,0,0,0,0],"split_type":[0,0,0,0,0,0,0],"sum_hessian":[4.831E3,2.841E3,1.99E3,1.893E3,9.48E2,8.7E2,1.12E3],"tree_param":{"num_deleted":"0","num_feature":"139","num_nodes":"7","size_leaf_vector":"1"}},{"base_weights":[2.6738497E-3,1.7524147E-1,-1.9021355E-1,1.0130449E-1,-2.3533545E-1,5.1545314E-2,-1.5281466E-1],"categories":[],"categories_nodes":[],"categories_segments":[],"categories_sizes":[],"default_left":[0,0,0,0,0,0,0],"id":2,"left_children":[1,3,5,-1,-1,-1,-1],"loss_changes":[1.616374E2,7.5212524E1,9.6031944E1,0E0,0E0,0E0,0E0],"parents":[2147483647,0,0,1,1,2,2],"right_children":[2,4,6,-1,-1,-1,-1],"split_conditions":[2.1561041E-1,1.0064898E0,-5.141138E-1,1.0130449E-1,-2.3533545E-1,5.1545314E-2,-1.5281466E-1],"split_indices":[45,57,118,0,0,0,0],"split_type":[0,0,0,0,0,0,0],"sum_hessian":[4.856E3,2.563E3,2.293E3,2.411E3,1.52E2,7.24E2,1.569E3],"tree_param":{"num_deleted":"0","num_feature":"139","num_nodes":"7","size_leaf_vector":"1"}},{"base_weights":[3.1141662E-3,2.1671612E-2,-4.6953046E-1,6.093012E-2,-7.927473E-2],"categories":[],"categories_nodes":[],"categories_segments":[],"categories_sizes":[],"default_left":[0,0,0,0,0],"id":3,"left_children":[1,3,-1,-1,-1],"loss_changes":[9.121252E1,1.0034281E2,0E0,0E0,0E0],"parents":[2147483647,0,0,1,1],"right_children":[2,4,-1,-1,-1],"split_conditions":[3.4787376E0,2.3599318E-1,-4.6953046E-1,6.093012E-2,-7.927473E-2],"split_indices":[104,20,0,0,0],"split_type":[0,0,0,0,0],"sum_hessian":[4.844E3,4.757E3,8.7E1,3.031E3,1.726E3],"tree_param":{"num_deleted":"0","num_feature":"139","num_nodes":"5","size_leaf_vector":"1"}},{"base_weights":[-6.4280154E-3,-1.06358744E-1,1.801846E-1,4.3488643E-3,-1.3543792E-1,1.1918622E-1,-2.3872064E-2],"categories":[],"categories_nodes":[],"categories_segments":[],"categories_sizes":[],"default_left":[0,0,0,0,0,0,0],"id":4,"left_children":[1,3,5,-1,-1,-1,-1],"loss_changes":[8.994092E1,6.7405396E1,2.9839401E1,0E0,0E0,0E0,0E0],"parents":[2147483647,0,0,1,1,2,2],"right_children":[2,4,6,-1,-1,-1,-1],"split_conditions":[2.0915504E-1,-4.901758E-1,1.1845377E-1,4.3488643E-3,-1.3543792E-1,1.1918622E-1,-2.3872064E-2],"split_indices":[136,91,99,0,0,0,0],"split_type":[0,0,0,0,0,0,0],"sum_hessian":[4.823E3,3.141E3,1.682E3,1.934E3,1.207E3,1.264E3,4.18E2],"tree_param":{"num_deleted":"0","num_feature":"139","num_nodes":"7","size_leaf_vector":"1"}},{"base_weights":[3.3136326E-4,-3.662571E-1,3.6973476E-2,-6.1999176E-2,-5.1252306E-1,4.7153212E-2,-5.883338E-2],"categories":[],"categories_nodes":[],"categories_segments":[],"categories_sizes":[],"default_left":[0,0,0,0,0,0,0],"id":5,"left_children":[1,3,5,-1,-1,-1,-1],"loss_changes":[6.474502E1,7.5207596E1,4.635793E1,0E0,0E0,0E0,0E0],"parents":[2147483647,0,0,1,1,2,2],"right_children":[2,4,6,-1,-1,-1,-1],"split_conditions":[-1.3469837E0,-1.1411549E0,5.050878E-1,-6.1999176E-2,-5.1252306E-1,4.7153212E-2,-5.883338E-2],"split_indices":[138,8,57,0,0,0,0],"split_type":[0,0,0,0,0,0,0],"sum_hessian":[4.82E3,4.38E2,4.382E3,3.33E2,1.05E2,3.142E3,1.24E3],"tree_param":{"num_deleted":"0","num_feature":"139","num_nodes":"7","size_leaf_vector":"1"}},{"base_weights":[1.915374E-4,2.7972605E-2,-3.4037527E-1,3.2311477E-2,-8.9513525E-2,-4.118172E-1,-9.518514E-2],"categories":[],"categories_nodes":[],"categories_segments":[],"categories_sizes":[],"default_left":[0,0,0,0,0,0,0],"id":6,"left_children":[1,3,5,-1,-1,-1,-1],"loss_changes":[4.5537285E1,4.091853E1,2.685934E1,0E0,0E0,0E0,0E0],"parents":[2147483647,0,0,1,1,2,2],"right_children":[2,4,6,-1,-1,-1,-1],"split_conditions":[9.647487E-1,9.69289E-1,-9.422468E-1,3.2311477E-2,-8.9513525E-2,-4.118172E-1,-9.518514E-2],"split_indices":[121,57,111,0,0,0,0],"split_type":[0,0,0,0,0,0,0],"sum_hessian":[4.813E3,4.45E3,3.63E2,3.744E3,7.06E2,7.2E1,2.91E2],"tree_param":{"num_deleted":"0","num_feature":"139","num_nodes":"7","size_leaf_vector":"1"}},{"base_weights":[-3.7733812E-3,1.3688096E-2,-4.5059314E-1,-2.6270065E-2,5.8385663E-2,-1.0649616E-1,-4.093997E-1],"categories":[],"categories_nodes":[],"categories_segments":[],"categories_sizes":[],"default_left":[0,0,0,0,0,0,0],"id":7,"left_children":[1,3,5,-1,-1,-1,-1],"loss_changes":[3.7341007E1,3.6290558E1,1.7174324E1,0E0,0E0,0E0,0E0],"parents":[2147483647,0,0,1,1,2,2],"right_children":[2,4,6,-1,-1,-1,-1],"split_conditions":[2.0906777E0,-8.435358E-2,2.6097545E-1,-2.6270065E-2,5.8385663E-2,-1.0649616E-1,-4.093997E-1],"split_indices":[20,42,87,0,0,0,0],"split_type":[0,0,0,0,0,0,0],"sum_hessian":[4.786E3,4.606E3,1.8E2,2.831E3,1.775E3,1.19E2,6.1E1],"tree_param":{"num_deleted":"0","num_feature":"139","num_nodes":"7","size_leaf_vector":"1"}},{"base_weights":[8.92258E-3,2.8792344E-2,-2.871967E-1,-1.9753167E-2,4.7081567E-2,-4.612004E-1,-6.587476E-2],"categories":[],"categories_nodes":[],"categories_segments":[],"categories_sizes":[],"default_left":[0,0,0,0,0,0,0],"id":8,"left_children":[1,3,5,-1,-1,-1,-1],"loss_changes":[2.7977566E1,2.3095175E1,3.0685087E1,0E0,0E0,0E0,0E0],"parents":[2147483647,0,0,1,1,2,2],"right_children":[2,4,6,-1,-1,-1,-1],"split_conditions":[1.5227891E0,-2.4316882E-1,-1.3215387E0,-1.9753167E-2,4.7081567E-2,-4.612004E-1,-6.587476E-2],"split_indices":[104,136,88,0,0,0,0],"split_type":[0,0,0,0,0,0,0],"sum_hessian":[4.755E3,4.456E3,2.99E2,2.248E3,2.208E3,5.1E1,2.48E2],"tree_param":{"num_deleted":"0","num_feature":"139","num_nodes":"7","size_leaf_vector":"1"}},{"base_weights":[-2.4434444E-3,2.8090902E-2,-1.8343689E-1,-3.403362E-3,8.771831E-2,-1.2780133E-1,3.392204E-2],"categories":[],"categories_nodes":[],"categories_segments":[],"categories_sizes":[],"default_left":[0,0,0,0,0,0,0],"id":9,"left_children":[1,3,5,-1,-1,-1,-1],"loss_changes":[2.641675E1,2.3310259E1,1.6266653E1,0E0,0E0,0E0,0E0],"parents":[2147483647,0,0,1,1,2,2],"right_children":[2,4,6,-1,-1,-1,-1],"split_conditions":[1.2306526E0,6.9137776E-1,1.324517E0,-3.403362E-3,8.771831E-2,-1.2780133E-1,3.392204E-2],"split_indices":[134,129,135,0,0,0,0],"split_type":[0,0,0,0,0,0,0],"sum_hessian":[4.78E3,4.09E3,6.9E2,3.352E3,7.38E2,5.08E2,1.82E2],"tree_param":{"num_deleted":"0","num_feature":"139","num_nodes":"7","size_leaf_vector":"1"}}]},"name":"gbtree"},"name":"dart","weight_drop":[1E0,1E0,1E0,1E0,1E0,1E0,1E0,1E0,1E0,1E0]},"learner_model_param":{"base_score":"-8.347749E-3","boost_from_average":"1","num_class":"0","num_feature":"139","num_target":"1"},"objective":{"name":"reg:squarederror","reg_loss_param":{"scale_pos_weight":"1"}}},"version":[2,0,2]}